path_in_zip,size_bytes,sha256
DeliveryProofEvaluation/_internal/_bz2.pyd,88288,B938073C85CF6B9FE80556D7899ED1901E5E60B7ADEA2832442376239FB36B36
DeliveryProofEvaluation/_internal/_decimal.pyd,291552,BC3A61685825AE37A4CD2B2B87FA27AF12E01575C4F920788EA806E6781A2C79
DeliveryProofEvaluation/_internal/_hashlib.pyd,69344,5933EF5EDA7C0BCA0B3874A6E2C5F13B91B8F2CFC29BC46160DF3212A1DBEE79
DeliveryProofEvaluation/_internal/_lzma.pyd,160992,D2ABF8DB7FB0CF6285663B177991691A41B37E215C3D71FD087A98D8EC1BEE63
DeliveryProofEvaluation/_internal/_queue.pyd,36576,2FD8668F52B34D0E71AE48784BD2E7D35E5D99DF6F641EDB0FC279235A187C8E
DeliveryProofEvaluation/_internal/_socket.pyd,87776,02265DD0D0287F3FFD287EA5D8E3C918A5A056E8EF2C4529857F5E84EC9E2519
DeliveryProofEvaluation/_internal/_ssl.pyd,190688,4CFB154C7CC525D57020C0E64F2DD876A78B46CD38419446392478DE6B7B13B8
DeliveryProofEvaluation/_internal/_tkinter.pyd,70880,EE3EB2CDAC591821CF71CDA8035A6BC9B148D92996DD45B24E3AE3715613315D
DeliveryProofEvaluation/_internal/_zstd.pyd,503520,33C6ECA99470C3EB9D776B617C550AD41B002A668336F062A9AB7BE677A7409A
DeliveryProofEvaluation/_internal/base_library.zip,1394319,97280E6F67AF21AE6AEE316738F141DD263C78ADEDAB9AE9986072649FA310B8
DeliveryProofEvaluation/_internal/libcrypto-3.dll,6242552,53C529145339FB042A3DCD3A09C2D7753204F8B4FC79D99E0D31E69A33985958
DeliveryProofEvaluation/_internal/libssl-3.dll,1329912,B17A87979862D19241EDC4318F967E24C3EC356ED6C2368F561179FAB2311001
DeliveryProofEvaluation/_internal/libtommath.dll,81408,2D760FEFB452665B6AF8C8D9D29F3A8378F10FC0847CDD9938EA0CB5EDF1D573
DeliveryProofEvaluation/_internal/licenses/LICENSE,1328,A8F0DB97F62DBCFF8E30EDD5CAC0F48A4B702BFA55F52B71214F9639133358AF
DeliveryProofEvaluation/_internal/python314.dll,6785760,0F9857FFDFE010FE6B99328D58C2E3C7472CE75F336BF9C2AD9BD5BCA3BCE700
DeliveryProofEvaluation/_internal/select.pyd,33504,722328E7FAD8048057FC966474BA73966D2CEEBAA32E7344CCE09640AB4DC9BD
DeliveryProofEvaluation/_internal/tcl90.dll,3369299,A1FB45F963B05CB083A97DF1449C2023B484EB921D40A463DA7501B0F60E0F70
DeliveryProofEvaluation/_internal/tcl9tk90.dll,2138360,31F625C52E65D29D126E710ED8BAB2EC964CB770E4FC59BC329DFFF02CB6DDCF
DeliveryProofEvaluation/_internal/tools/LIBCURL.DLL,817664,22B972F008AB8BB5BC225889A8BE60683B2BF7546B8E0D699B5B4186BDBB7CC1
DeliveryProofEvaluation/_internal/tools/MediaInfo.exe,9407896,35D5BDF5BD3EF0776C50E22492B4E5B0EE687F9C115D9B61F4FEBA3E881DFBF9
DeliveryProofEvaluation/_internal/unicodedata.pyd,759008,280B09BD97B598D18C0ED9542DC18ED35FA57A16E84F8E65FD9C6E96516C28D6
DeliveryProofEvaluation/_internal/VCRUNTIME140.dll,178616,D1F4225DF2CD877DBF130D5668A021DCE3F94118455FF5EC952061C30AFC9CE7
DeliveryProofEvaluation/_internal/zlib1.dll,102912,F07195206534EBB1FE75093D4EC6C54A7A9227281B0C09D2113465B71DA9E900
DeliveryProofEvaluation/DeliveryProofEvaluation.exe,2337419,36D7503B20B782744C13988F558B5C724E26995FF276CCB22E4DFEE0F782AE4E
EVALUATION_START_HERE.txt,1027,D9A994EFDEC68A8DA051A75052551942C1B8E4354B3097CFA0E893FDC3037D5D
CUSTOMER_QUICKSTART_EN_DEV06.txt,1258,50B7FE72A6874F26C0B2460744F9AE43CB6A5984D600F6B58C4E54194D5EE184
CUSTOMER_QUICKSTART_KO_DEV06.txt,1454,C3E293F2D2EE8FC0FC41CAFE0B0ACF63F0CC9242B1606B068C4F71B5BF414A4A
TIME_TRIAL.csv,554,28BB5C1033955E57A00D152583925EDE734D59E70F004B1D766FB0A513461964
TIME_TRIAL_EN_USD.csv,545,07D5796FC19BDFCBD52DCC2D0D9D3802FA7586554ADBB473282A0838F537AF5C
DeliveryProofEvaluation/trial_offer.json,31,C866E8C5831631EFD6A7ADF4E02E0018700501AFB8BE0C5E92E40608E67E95E4
DEMO_KIT/approved/en/landscape_15s.mp4,14970,33483FCC84A077FC8059662A2A58068FACBBC4F73ECD0D01B237C88258DB71AD
DEMO_KIT/approved/en/portrait_15s.mp4,14988,596E3D7E4423A29E05B4A204ED110033155F414EC9D7DB0CA50981816BE8851D
DEMO_KIT/approved/ko/landscape_15s.mp4,14996,BA4129765B4809D09DE5B91F95E1EBA537FAF2ABC40ECBF979C82A3821FC76D8
DEMO_KIT/approved/ko/portrait_15s.mp4,14962,034E97C0BC6B9F954BBB8BBAC8008549C67597614CB00D63C71856B2B13301E5
DEMO_KIT/final_pass/en/landscape_15s.mp4,14970,33483FCC84A077FC8059662A2A58068FACBBC4F73ECD0D01B237C88258DB71AD
DEMO_KIT/final_pass/en/portrait_15s.mp4,14988,596E3D7E4423A29E05B4A204ED110033155F414EC9D7DB0CA50981816BE8851D
DEMO_KIT/final_pass/ko/landscape_15s.mp4,14996,BA4129765B4809D09DE5B91F95E1EBA537FAF2ABC40ECBF979C82A3821FC76D8
DEMO_KIT/final_pass/ko/portrait_15s.mp4,14962,034E97C0BC6B9F954BBB8BBAC8008549C67597614CB00D63C71856B2B13301E5
DEMO_KIT/final_fail/unexpected_preview.mp4,14988,596E3D7E4423A29E05B4A204ED110033155F414EC9D7DB0CA50981816BE8851D
DEMO_KIT/final_fail/en/landscape_15s.mp4,14815,92EFFD8AF114624F03FBE19FF797DB10ED469332E52345F5CE099DDE40426372
DEMO_KIT/final_fail/en/portrait_15s.mp4,14988,596E3D7E4423A29E05B4A204ED110033155F414EC9D7DB0CA50981816BE8851D
DEMO_KIT/final_fail/ko/landscape_15s.mp4,14996,BA4129765B4809D09DE5B91F95E1EBA537FAF2ABC40ECBF979C82A3821FC76D8
